Ticker,Name,Sector,Country,Reason,Current_Price,Change_1D_pct,Change_1W_pct,Change_1M_pct,Change_3M_pct,Market_Cap,PE_Ratio,52W_High,52W_Low,Currency
FDX,FedEx,운송/물류,US,글로벌 물동량의 바로미터. 기업간 화물량이 경기에 3~6개월 선행,291.5,-1.45,-3.39,-9.98,-9.95,68989427712,15.722761,345.37,180.99113,USD
UPS,UPS,운송/물류,US,소비재·산업재 배송량으로 내수 경기 선행 파악,95.82,-0.05,-4.34,-6.72,-9.22,81521893376,17.810408,122.41,82.0,USD
MAERSK-B.CO,A.P. Moller-Maersk,운송/물류,DK,세계 최대 해운사. 컨테이너 물동량이 글로벌 무역 선행,23590.0,2.3,4.43,8.76,42.8,340189249536,23.17907,23970.0,11840.0,DKK
TSM,TSMC,반도체,TW,파운드리 주문량이 IT·산업 전반 설비투자 사이클 선행,446.57,-1.2,3.79,9.18,-4.26,2316123766784,33.226936,479.0,266.82,USD
005930.KS,삼성전자,반도체,KR,메모리 반도체 가격·재고가 글로벌 IT 경기 선행,285500.0,3.25,13.07,11.09,-19.15,1874753895792640,,374500.0,82400.0,KRW
ASML,ASML,반도체,NL,반도체 장비 주문이 칩 수요 사이클에 12~18개월 선행,1744.61,1.95,8.89,-1.09,-9.47,670104682496,59.89049,1999.96,935.41,USD
CAT,Caterpillar,산업재/건설,US,건설·광업 장비 주문이 인프라·원자재 사이클 선행,812.02,-0.55,3.74,-1.92,-17.48,373265203200,34.97072,1073.46,459.58,USD
URI,United Rentals,산업재/건설,US,장비 임대율이 건설·산업 활동 선행 지표,1031.99,0.2,2.56,-6.06,-4.0,64233623552,24.48956,1179.18,701.59,USD
MMM,3M,산업재/건설,US,산업용 소재 수요가 제조업 경기 선행,170.3,3.23,4.7,-4.42,6.5,87827529728,30.195036,184.9,139.34,USD
BASFY,BASF,화학/소재,DE,세계 최대 화학 기업. 화학 제품 수요가 제조업 사이클 선행,14.86,0.68,-0.73,-1.52,7.06,51173195776,21.85294,16.25,11.93,USD
DD,DuPont,화학/소재,US,전자·건설·자동차 소재 수요로 다수 산업 경기 선행 파악,130.88,0.84,2.59,-4.97,-8.16,17674426368,56.413795,157.98,92.48536,USD
LIN,Linde,화학/소재,IE,산업용 가스 수요가 제조업·에너지 활동 선행,469.72,2.67,1.65,-3.34,-7.98,216531599360,30.304516,548.2,387.78,USD
GS,Goldman Sachs,금융,US,IB 딜 파이프라인·트레이딩 수익이 자본시장 사이클 선행,936.36,-2.4,-0.17,-9.46,-14.19,272641245184,14.6627,1153.99,740.01,USD
V,Visa,금융,US,카드 결제량이 소비 지출 트렌드 실시간 선행 지표,361.52,-2.28,-2.54,-2.57,10.68,678701432832,30.767658,385.57,293.89,USD
RHI,Robert Half,채용/인력,US,임시직 수요가 정규직 고용·실업률에 3~6개월 선행,37.36,1.08,0.73,-15.41,19.83,3824237824,32.486958,46.7,21.83,USD
MAN,ManpowerGroup,채용/인력,US,글로벌 인력 수급 지표가 고용 시장 전환점 선행,57.37,1.45,-0.97,-6.64,71.0,2668024320,25.842342,63.88,25.15,USD
HD,Home Depot,소비재,US,주택 개보수 지출이 주택 시장·소비 경기 선행,296.72,-0.16,-1.9,-10.94,-10.58,296034467840,20.749651,411.41,289.1,USD
RACE,Ferrari,소비재,IT,초고가 소비재 수요가 부유층 심리·자산효과 선행 지표,413.05,-0.74,0.17,-5.38,14.06,72513413120,39.04064,504.49,312.51,USD
BHP,BHP Group,원자재/에너지,AU,철광석·구리 생산량이 중국·글로벌 산업 활동 선행,84.95,-1.32,0.96,-10.54,-1.21,215898456064,21.950905,98.71,52.18,USD
FCX,Freeport-McMoRan,원자재/에너지,US,구리 가격·수요가 'Dr. Copper'로서 경기 선행,72.58,0.58,4.82,-5.32,5.94,104226152448,35.578434,80.24,35.15,USD
